<?xml version="1.0" encoding="UTF-8" standalone="yes"?>
<modules>
	<id>user</id>
	<module>
		<module-name>user-registration</module-name>
		<display-name>Регистрация пользователя</display-name>
		<module-class>kz.tem.portal.user.registration.RegistrationPanel</module-class>
	</module>
	<module>
		<module-name>user-login</module-name>
		<display-name>Аутентификация пользователя</display-name>
		<module-class>kz.tem.portal.user.login.LoginPanel</module-class>
	</module>  
</modules>